Location,Accedian Local,Localidad,SLA
CSR HUANUCO,VCX_AEROPUERTO_P1,Aeropuerto,SLA_Aeropuerto_CSR
CSR AMAZONAS,VCX_TRUJILLO_P1,Trujillo,SLA_Trujillo_CSR
CSR ANCASH,VCX_AEROPUERTO_P1,Aeropuerto,SLA_Aeropuerto_CSR
CSR ANCASH,VCX_TRUJILLO_P1,Trujillo,SLA_Trujillo_CSR
CSR APURIMAC,VCX_CUSCO_P1,Cusco,SLA_Cusco_CSR
CSR AREQUIPA,VCX_AREQUIPA_P1,Arequipa,SLA_Arequipa_CSR
CSR AYACUCHO,VCX_HUANCAYO_P1,Huancayo,SLA_Huancayo_CSR
CSR CAJAMARCA,VCX_TRUJILLO_P1,Trujillo,SLA_Trujillo_CSR
CSR CSR ANCASH,VCX_TRUJILLO_P1,Trujillo,SLA_Trujillo_CSR
CSR CUSCO,VCX_CUSCO_P1,Cusco,SLA_Cusco_CSR
CSR HUANCAVELICA,VCX_HUANCAYO_P1,Huancayo,SLA_Huancayo_CSR
CSR HUANUCO,VCX_HUANCAYO_P1,Huancayo,SLA_Huancayo_CSR
CSR ICA,VCX_VILLASV_P1,VillaSalvador,SLA_VillaSalvador_CSR
CSR JUNIN,VCX_HUANCAYO_P1,Huancayo,SLA_Huancayo_CSR
CSR LA LIBERTAD,VCX_TRUJILLO_P1,Trujillo,SLA_Trujillo_CSR
CSR LAMBAYEQUE,VCX_CHICLAYO_P1,Chiclayo,SLA_Chiclayo_CSR
CSR LIMA,VCX_AEROPUERTO_P1,Aeropuerto,SLA_Aeropuerto_CSR
CSR LIMA,VCX_ARRIOLA_P1,Polo1,SLA_Polo1_CSR
CSR LIMA,VCX_VILLASV_P1,VillaSalvador,SLA_VillaSalvador_CSR
CSR LORETO,VCX_IQUITOS_P1,Iquitos,SLA_Iquitos_CSR
CSR MADRE DE DIOS,VCX_PTO_MALDONADO_P1,PtoMaldonado,SLA_PuertoMaldonado_CSR
CSR MOQUEGUA,VCX_AREQUIPA_P1,Arequipa,SLA_Arequipa_CSR
CSR PIURA,VCX_PIURA_P1,Piura,SLA_Piura_CSR
CSR PUNO,VCX_PUNO_P1,Puno,SLA_Puno_CSR
CSR SAN MARTIN,VCX_ARRIOLA_P1,Polo1,SLA_Polo1_CSR
CSR SAN MARTIN,VCX_TRUJILLO_P1,Trujillo,SLA_Trujillo_CSR
CSR TACNA,VCX_AREQUIPA_P1,Arequipa,SLA_Arequipa_CSR
CSR TUMBES,VCX_PIURA_P1,Piura,SLA_Piura_CSR
CSR UCAYALI,VCX_HUANCAYO_P1,Huancayo,SLA_Huancayo_CSR
Cuzco,VCX_CUSCO_P1,Cusco,SLA_Cusco_CSR
IPRAN AMAZONAS,VCX_TRUJILLO_P1,Trujillo,SLA_Trujillo_CSR
IPRAN ANCASH,VCX_TRUJILLO_P1,Trujillo,SLA_Trujillo_CSR
IPRAN APURIMAC,VCX_CUSCO_P1,Cusco,SLA_Cusco_CSR
IPRAN AREQUIPA,VCX_AREQUIPA_P1,Arequipa,SLA_Arequipa_CSR
IPRAN AYACUCHO,VCX_HUANCAYO_P1,Huancayo,SLA_Huancayo_CSR
IPRAN CAJAMARCA,VCX_TRUJILLO_P1,Trujillo,SLA_Trujillo_CSR
IPRAN CUSCO,VCX_CUSCO_P1,Cusco,SLA_Cusco_CSR
IPRAN HUANCAVELICA,VCX_HUANCAYO_P1,Huancayo,SLA_Huancayo_CSR
IPRAN HUANUCO,VCX_HUANCAYO_P1,Huancayo,SLA_Huancayo_CSR
IPRAN ICA,VCX_VILLASV_P1,VillaSalvador,SLA_VillaSalvador_CSR
IPRAN JUNIN,VCX_HUANCAYO_P1,Huancayo,SLA_Huancayo_CSR
IPRAN LA LIBERTAD,VCX_CHICLAYO_P1,Chiclayo,SLA_Chiclayo_CSR
IPRAN LA LIBERTAD,VCX_TRUJILLO_P1,Trujillo,SLA_Trujillo_CSR
IPRAN LAMBAYEQUE,VCX_CHICLAYO_P1,Chiclayo,SLA_Chiclayo_CSR
IPRAN LIMA,VCX_AEROPUERTO_P1,Aeropuerto,SLA_Aeropuerto_CSR
IPRAN LIMA,VCX_ARRIOLA_P1,Polo1,SLA_Polo1_CSR
IPRAN LIMA,VCX_VILLASV_P1,VillaSalvador,SLA_VillaSalvador_CSR
IPRAN LORETO,VCX_IQUITOS_P1,Iquitos,SLA_Iquitos_CSR
IPRAN LORETO,VCX_TRUJILLO_P1,Trujillo,SLA_Trujillo_CSR
IPRAN MOQUEGUA,VCX_AREQUIPA_P1,Arequipa,SLA_Arequipa_CSR
IPRAN PASCO,VCX_HUANCAYO_P1,Huancayo,SLA_Huancayo_CSR
IPRAN PIURA,VCX_PIURA_P1,Piura,SLA_Piura_CSR
IPRAN PUNO,VCX_PUNO_P1,Puno,SLA_Puno_CSR
IPRAN SAN MARTIN,VCX_TRUJILLO_P1,Trujillo,SLA_Trujillo_CSR
IPRAN TACNA,VCX_AREQUIPA_P1,Arequipa,SLA_Arequipa_CSR
IPRAN TUMBES,VCX_PIURA_P1,Piura,SLA_Piura_CSR
IPRAN UCAYALI,VCX_HUANCAYO_P1,Huancayo,SLA_Huancayo_CSR